<?xml version="1.0" encoding="UTF-8"?>
<project-private xmlns="http://www.netbeans.org/ns/project-private/1">
    <editor-bookmarks xmlns="http://www.netbeans.org/ns/editor-bookmarks/2" lastBookmarkId="0"/>
    <open-files xmlns="http://www.netbeans.org/ns/projectui-open-files/2">
        <group>
            <file>file:/C:/Users/Yoga6/Documents/Tugas%20Arin/Pet_Shop/src/MenuAplikasi/Login.java</file>
            <file>file:/C:/Users/Yoga6/Documents/Tugas%20Arin/Pet_Shop/src/MenuAplikasi/MenuLayanan.java</file>
            <file>file:/C:/Users/Yoga6/Documents/Tugas%20Arin/Pet_Shop/src/MenuAplikasi/MenuDataLayananHewan.java</file>
            <file>file:/C:/Users/Yoga6/Documents/Tugas%20Arin/Pet_Shop/src/MenuAplikasi/MainMenu.java</file>
            <file>file:/C:/Users/Yoga6/Documents/Tugas%20Arin/Pet_Shop/src/MenuAplikasi/MenuDataBarang.java</file>
            <file>file:/C:/Users/Yoga6/Documents/Tugas%20Arin/Pet_Shop/src/MenuAplikasi/MenuBarang.java</file>
            <file>file:/C:/Users/Yoga6/Documents/Tugas%20Arin/Pet_Shop/src/MenuAplikasi/RiwayatTransaksi.java</file>
            <file>file:/C:/Users/Yoga6/Documents/Tugas%20Arin/Pet_Shop/src/Database/KoneksiSQL.java</file>
            <file>file:/C:/Users/Yoga6/Documents/Tugas%20Arin/Pet_Shop/src/MenuAplikasi/MenuUser.java</file>
        </group>
    </open-files>
</project-private>
